year,temperature_mean,temperature_min,temperature_max,humidity_mean,precipitation_total,rain_hours,decade
1940,11.047279143897997,4.2,20.0,86.2172131147541,1804.5,4854,1940
1941,10.978390410958903,4.5,19.4,87.73299086757991,2076.6,5052,1940
1942,10.38521689497717,3.0,18.6,88.4046803652968,2575.2,5745,1940
1943,10.08546803652968,2.8,16.9,87.46392694063927,2135.9,5157,1940
1944,10.79077868852459,3.8,17.8,85.63456284153006,1729.2,4217,1940
1945,10.48843607305936,2.0,18.1,85.74212328767123,2086.7,4606,1940
1946,10.483333333333333,3.6,18.7,85.66575342465754,1764.9,4782,1940
1947,10.977260273972604,4.3,18.7,87.76278538812785,2320.8,5153,1940
1948,10.559779143897996,4.0,17.4,88.06010928961749,1951.7,4984,1940
1949,10.351609589041097,3.9,17.9,86.58961187214612,1756.3,4577,1940
1950,10.54664383561644,3.9,17.4,85.79349315068494,2164.4,4797,1950
1951,10.665148401826483,5.4,17.4,87.33664383561644,2048.4,5116,1950
1952,10.67827868852459,4.5,18.2,85.7731102003643,1868.2,4592,1950
1953,10.80103881278539,4.1,17.9,87.51289954337899,2392.3,5338,1950
1954,10.2662899543379,3.0,17.2,85.49018264840183,1830.5,4513,1950
1955,10.360753424657535,2.8,18.0,86.81335616438356,2142.6,4995,1950
1956,10.218715846994535,4.0,16.9,87.21914845173042,2094.8,5030,1950
1957,10.722648401826483,1.7,21.8,85.65456621004566,1863.5,4613,1950
1958,11.414748858447489,3.9,21.1,85.31974885844748,1913.6,4570,1950
1959,10.956152968036529,2.0,20.2,82.89634703196347,1506.4,4081,1950
1960,10.870833333333332,3.1,20.1,84.84016393442623,1679.0,4421,1960
1961,10.55521689497717,2.5,19.6,84.04703196347032,1841.7,4622,1960
1962,10.677100456621003,3.1,19.6,85.31769406392694,1926.5,4667,1960
1963,11.095034246575343,3.0,20.8,84.46609589041095,1744.6,4460,1960
1964,11.279382969034609,3.4,22.3,81.85496357012751,1500.3,4080,1960
1965,11.152785388127853,3.2,20.3,84.7972602739726,1727.0,4657,1960
1966,11.480239726027397,2.6,22.6,84.50228310502283,1805.8,4540,1960
1967,11.185947488584475,3.4,20.7,84.72294520547945,1822.2,4749,1960
1968,11.115528233151185,3.2,20.6,85.42463570127505,2226.5,5068,1960
1969,11.61505707762557,3.8,20.2,83.56529680365297,1952.4,4823,1960
1970,11.200924657534248,3.5,20.2,85.3546803652968,2070.2,4962,1970
1971,10.77164383561644,3.5,20.3,87.00901826484018,2578.4,5462,1970
1972,11.27764116575592,3.6,21.2,85.19911202185793,1927.3,4860,1970
1973,11.431278538812785,4.4,20.8,85.75022831050228,2060.2,5090,1970
1974,10.673721461187215,2.9,19.8,86.78926940639269,2268.9,5071,1970
1975,10.688664383561644,2.3,19.3,86.68264840182648,2250.1,5323,1970
1976,10.794273679417122,2.3,20.7,85.74089253187614,2080.8,5108,1970
1977,11.407591324200913,3.2,21.7,82.24417808219178,1553.2,4326,1970
1978,11.572979452054796,1.2,20.9,82.70981735159818,1779.6,4639,1970
1979,11.531244292237442,3.2,21.1,84.75068493150685,1845.9,3704,1970
1980,11.662010473588342,3.7,20.2,83.0389344262295,1708.9,3638,1980
1981,11.815753424657535,3.3,20.4,83.87568493150685,1931.5,3886,1980
1982,11.52238584474886,3.0,19.9,85.51780821917808,2123.9,4067,1980
1983,11.796917808219177,5.2,20.2,83.67602739726027,1406.5,3179,1980
1984,11.047984972677595,3.0,19.7,85.62352003642987,1843.4,3809,1980
1985,10.959497716894976,3.5,20.5,84.89885844748858,1740.6,3808,1980
1986,11.11719178082192,3.9,19.5,86.8101598173516,1997.3,4230,1980
1987,11.8825,4.5,20.6,84.8675799086758,1683.5,3694,1980
1988,11.579587887067396,3.3,20.1,85.28415300546447,1937.9,4024,1980
1989,11.188869863013698,3.6,20.5,85.30650684931507,1865.1,3837,1980
1990,11.559349315068493,2.5,20.5,84.92591324200913,1730.8,3899,1990
1991,11.532602739726029,3.3,20.9,86.1560502283105,2082.3,4299,1990
1992,11.555191256830602,4.2,20.8,84.53107923497268,1640.6,3699,1990
1993,11.469086757990867,3.0,19.4,85.4958904109589,1968.2,4054,1990
1994,11.242671232876713,4.4,20.1,86.84840182648402,2146.8,4368,1990
1995,11.664509132420092,2.9,21.4,82.9208904109589,1430.2,3303,1990
1996,11.01084927140255,3.8,20.7,86.61418488160291,1940.5,4872,1990
1997,11.20607305936073,3.6,19.2,87.55810502283104,1883.4,4037,1990
1998,11.786712328767123,4.8,20.7,85.51358447488585,1533.9,3517,1990
1999,10.755262557077627,2.8,17.8,87.93710045662101,2036.4,4179,1990
2000,10.864845173041894,3.6,19.7,87.08071493624772,1738.8,3880,2000
2001,11.11230593607306,4.1,21.7,84.68710045662101,1492.7,3480,2000
2002,11.037819634703197,3.7,19.3,87.27111872146119,1657.0,3785,2000
2003,10.988584474885844,3.5,19.3,87.9175799086758,1691.6,3892,2000
2004,11.68164845173042,3.4,21.3,85.36213570127505,1577.5,3554,2000
2005,11.963755707762557,3.2,21.8,86.3541095890411,1922.4,3876,2000
2006,11.718242009132421,3.2,21.4,86.84600456621004,1896.8,3868,2000
2007,11.767237442922374,3.0,21.2,85.93869863013698,1750.9,3707,2000
2008,11.73028233151184,3.9,20.2,87.40266393442623,2217.6,4136,2000
2009,11.973949771689497,3.2,22.6,86.61004566210046,1797.5,3872,2000
2010,12.372785388127854,3.7,22.4,84.4837899543379,1830.6,3647,2010
2011,11.979794520547944,3.2,21.2,86.64657534246575,2426.0,4230,2010
2012,11.56584699453552,3.8,20.7,86.59141621129326,1965.9,3963,2010
2013,11.835924657534246,4.0,20.5,86.00639269406393,1807.5,3911,2010
2014,11.727522831050228,3.9,20.7,87.16552511415524,2035.6,4087,2010
2015,11.995433789954339,4.1,21.6,85.86803652968037,1669.7,3853,2010
2016,12.550512295081967,4.0,22.9,84.64423952641165,1713.6,3915,2010
2017,12.223892694063927,3.6,21.4,86.33538812785388,2076.9,3874,2010
2018,12.021506849315069,3.7,22.4,86.67716894977168,2113.5,4019,2010
2019,12.219657534246576,2.8,20.3,86.66381278538813,1993.3,3927,2010
2020,12.459608378870673,4.6,22.2,85.66290983606558,1861.7,3905,2020
2021,11.92917808219178,4.1,20.4,88.19018264840183,2331.9,4407,2020
2022,11.917751141552511,3.3,20.0,86.73390410958905,2078.7,4700,2020
2023,12.204166666666667,3.3,20.8,87.05913242009133,2270.4,5019,2020
2024,12.352459016393443,3.9,21.5,85.45730874316939,1935.9,4646,2020
2025,11.893013698630137,4.8,20.0,87.94029680365297,2730.3,5407,2020
