decade,years,temperature_mean,humidity_mean,precipitation_mean_annual,precipitation_std_annual
1940,10,10.614755158819273,86.92737573920203,2020.1799999999998,276.9067424242321
1950,10,10.663041919305337,85.9809496095017,1982.47,241.6052016088321
1960,10,11.102712581405793,84.35383705117648,1822.6,191.81799243611704
1970,10,11.134996279037853,85.22305296678893,2041.4599999999998,287.62121773069674
1980,10,11.45726997716895,84.88992330389001,1823.86,200.2270389111099
1990,10,11.378230765152082,85.8501200189635,1839.3100000000002,243.38835656438278
2000,10,11.48386709334531,86.54701721061956,1774.28,203.968455077413
2010,10,12.049287755445766,86.10823452354218,1963.2599999999998,222.6417910256543
2020,6,12.126029497384202,86.84062242682836,2201.483333333333,317.0072706842331
