month,temperature_mean,humidity_mean,precipitation_mean_hourly,precipitation_total,rain_fraction
1,11.63829863715929,85.88489309827457,0.24384689922480618,15602.3,0.5103463365841461
2,11.776490054869685,85.83852880658436,0.27184670781893006,15854.1,0.5485082304526749
3,11.813353338334583,86.92860715178794,0.28697799449862466,18362.0,0.5772224306076519
4,11.780424741602067,87.81902454780362,0.28270187338501296,17504.9,0.5980297157622739
5,11.485515128782195,88.01544136034009,0.22009721180295075,14082.7,0.5479338584646162
6,10.56859496124031,88.2781330749354,0.19905523255813953,12325.5,0.5257267441860465
7,9.86561327831958,87.94498624656164,0.18763597149287323,12005.7,0.49638972243060764
8,10.169850275068766,84.018535883971,0.10176137784446113,6511.1,0.34836834208552137
9,10.985574935400518,80.71902454780361,0.09636143410852713,5966.7,0.31852390180878554
10,11.73612934483621,82.9946392848212,0.2176981745436359,13929.2,0.4617716929232308
11,11.992537144702842,85.01346899224806,0.2693152454780362,16676.0,0.5188307493540052
12,11.80625,86.24588959739935,0.2666744811202801,17062.9,0.526678544636159
