state,duration_hours,episodes_surviving,empirical_continue_probability,markov_expected_probability,difference
dry,1,4852,0.8171887881286067,0.8911767078713124,-0.07398791974270569
dry,2,3965,0.8736443883984868,0.8911767078713124,-0.01753231947282563
dry,3,3464,0.9018475750577367,0.8911767078713124,0.010670867186424293
dry,6,2538,0.9121355397951143,0.8911767078713124,0.02095883192380188
dry,12,1531,0.9359895493141738,0.8911767078713124,0.04481284144286135
dry,24,159,0.9119496855345912,0.8911767078713124,0.02077297766327879
dry,48,50,0.96,0.8911767078713124,0.06882329212868754
rain,1,4853,0.8291778281475376,0.890150326955095,-0.060972498807557396
rain,2,4024,0.8918986083499006,0.890150326955095,0.0017482813948056508
rain,3,3589,0.9086096405684034,0.890150326955095,0.018459313613308437
rain,6,2773,0.9138117562206997,0.890150326955095,0.02366142926560466
rain,12,1061,0.8906691800188501,0.890150326955095,0.0005188530637550981
rain,24,280,0.95,0.890150326955095,0.05984967304490496
rain,48,65,0.9076923076923077,0.890150326955095,0.017541980737212692
