state,duration_bin,train_examples,p_rain_next_hour
dry,1,36421,0.17564042722605092
dry,2,30024,0.12163602451372235
dry,3,26372,0.10442893978462005
dry,4-6,64356,0.09051215115917707
dry,7-12,87882,0.07255183086411324
dry,13-24,62733,0.1659413705705131
dry,25-48,18340,0.0386041439476554
dry,49+,8543,0.034882359826758746
rain,1,36420,0.835282811641955
rain,2,30421,0.8940534499194636
rain,3,27198,0.913633355393779
rain,4-6,68693,0.9125238379456422
rain,7-12,76843,0.8435120960920318
rain,13-24,49701,0.9043681213657673
rain,25-48,31138,0.9504463998972317
rain,49+,11130,0.9533692722371968
