horizon_hours,model,mae,rmse,r2
1,persistence,0.7507784786303339,1.0732503415244494,0.8768221975266826
1,daily_naive,1.0167649507819003,1.3427331553733945,0.8071987670418802
1,deterministic,1.0585761773712656,1.348637618895319,0.8054994110893277
1,direct_ar,0.49248654294865357,0.665293021109067,0.9526678407900773
3,persistence,1.9412414878691444,2.5009708274793643,0.33112904064871385
3,daily_naive,1.0167721771663871,1.34274354416368,0.8071981332539961
3,deterministic,1.0585878706203853,1.348650381669641,0.8054981001422619
3,direct_ar,0.7631933986768549,1.0068423778173237,0.8915953125037087
6,persistence,3.4451976821116506,4.148731059807499,-0.8405682602944344
6,daily_naive,1.016777313895923,1.342755560122355,0.8071963364534214
6,deterministic,1.0586077323400747,1.3486701196522914,0.8054940754025798
6,direct_ar,0.9131955091958153,1.1907505984070872,0.8483777350271615
12,persistence,4.773332192562172,5.413485192149482,-2.133713650377535
12,daily_naive,1.0168115446041526,1.3427923799940258,0.8071928481832318
12,deterministic,1.0586381122909747,1.3487051195004538,0.8054911280787629
12,direct_ar,0.9139865520919824,1.183339263026048,0.8502647844140748
24,persistence,1.016818410003651,1.3428094458718256,0.807179897690296
24,daily_naive,1.016818410003651,1.3428094458718256,0.807179897690296
24,deterministic,1.0585990522339292,1.348685428964697,0.8054886873377485
24,direct_ar,0.8809600891523697,1.1480245377998826,0.859062723366339
