month,hour,seasonal_component
1,0,-1.8813688362791654
1,1,-2.1627663234684884
1,2,-2.354478889427504
1,3,-2.5704975319056493
1,4,-2.821699970332782
1,5,-2.931717112435833
1,6,-2.973129603376094
1,7,-2.370956197842236
1,8,-1.3647317795551903
1,9,0.3118602306298303
1,10,2.7331259092319553
1,11,3.31425655407564
1,12,4.209790799819551
1,13,4.640246275871038
1,14,4.770476695658458
1,15,4.584390536301094
1,16,3.750629958339078
1,17,2.3525032888541806
1,18,1.4804081272462528
1,19,0.6122889596368247
1,20,0.1667129278113426
1,21,-0.3572952120411462
1,22,-1.2260520390654281
1,23,-1.5308178683402724
2,0,-1.6611935103218938
2,1,-1.9605783647233903
2,2,-2.1511154824993723
2,3,-2.3629283204399636
2,4,-2.622642392948456
2,5,-2.7500519387079767
2,6,-2.7905479042205847
2,7,-2.2830191783751674
2,8,-1.3115398352457996
2,9,0.3052481498588766
2,10,2.742735723440919
2,11,3.3309228855003283
2,12,4.233348730687309
2,13,4.688367168466883
2,14,4.832027581555098
2,15,4.663506924684466
2,16,3.905809313081323
2,17,2.515025281725094
2,18,1.6553112092166016
2,19,0.8030456963788912
2,20,0.369874833746942
2,21,-0.1666705144817149
2,22,-1.009759072586915
2,23,-1.3118599763711276
3,0,-1.599113547278633
3,1,-1.854179451572232
3,2,-2.0260495569160937
3,3,-2.215361522725072
3,4,-2.4543734135152953
3,5,-2.4934228136828627
3,6,-2.5230948695143463
3,7,-1.9779357175438794
3,8,-1.0597458078839903
3,9,0.4945281227811503
3,10,2.8868740714507917
3,11,3.387884686286975
3,12,4.233756516426984
3,13,4.619688361570745
3,14,4.696017806114355
3,15,4.459969156134334
3,16,3.6558784956516877
3,17,2.28577133104301
3,18,1.4665268821132516
3,19,0.6988203176546113
3,20,0.29139132258831896
3,21,-0.1879056394697213
3,22,-0.9931215812726977
3,23,-1.2832962627605955
4,0,-1.6206800713384875
4,1,-1.8559147678301362
4,2,-1.9919246581202346
4,3,-2.1667329980227357
4,4,-2.39173513637485
4,5,-2.433752778602932
4,6,-2.458483599125589
4,7,-1.7873617064699505
4,8,-0.8824413642019092
4,9,0.6969363424072174
4,10,2.911895444365181
4,11,3.3553041587262458
4,12,4.1534803149477755
4,13,4.531811509928995
4,14,4.587739604135021
4,15,4.289791729348798
4,16,3.420642304174979
4,17,2.1004076076833305
4,18,1.2679636088661004
4,19,0.560015734079878
4,20,0.1542771616192372
4,21,-0.3254148992134967
4,22,-1.0875100608214243
4,23,-1.3466594859952437
5,0,-1.9108337421850388
5,1,-2.1348418820375277
5,2,-2.268977553772987
5,3,-2.4552512600170737
5,4,-2.657503961009848
5,5,-2.6732600378465827
5,6,-2.701731793603048
5,7,-2.008598148009175
5,8,-1.1107008114925714
5,9,0.4023128040937995
5,10,2.611838047587147
5,11,2.9780024508704424
5,12,3.772036321520579
5,13,4.15901842922998
5,14,4.251701962295721
5,15,3.9986615643787164
5,16,3.1682018116230015
5,17,1.8079971226332285
5,18,0.9428787052113472
5,19,0.2515412330257751
5,20,-0.16451491882971453
5,21,-0.6387856243236137
5,22,-1.3964021662766277
5,23,-1.6565318365117123
6,0,-2.831795114957071
6,1,-3.052960044006859
6,2,-3.1860629575527715
6,3,-3.361026336214963
6,4,-3.5390904900709526
6,5,-3.61103061291919
6,6,-3.616807945069754
6,7,-2.9457635717939605
6,8,-1.9994866403786324
6,9,-0.5248763756299709
6,10,1.6180672224520238
6,11,1.8787627585185147
6,12,2.5716675969105873
6,13,2.9972856135972332
6,14,3.209880374469926
6,15,3.1339867632495944
6,16,2.4245272605563954
6,17,1.143013494297305
6,18,0.23956174354209042
6,19,-0.5399752785309535
6,20,-1.005093695952835
6,21,-1.52746017539022
6,22,-2.3543227788586125
6,23,-2.598394684652587
7,0,-3.599598198156711
7,1,-3.8383850326828677
7,2,-3.9814104268489348
7,3,-4.161157501435108
7,4,-4.3571461364113775
7,5,-4.490944223750738
7,6,-4.474367217316654
7,7,-3.81495450195534
7,8,-2.7453017265790223
7,9,-1.2328132422754718
7,10,1.0590825938660378
7,11,1.285974679069813
7,12,1.9078029983321028
7,13,2.2717168389747378
7,14,2.5071610622130214
7,15,2.503295457994441
7,16,1.8532933196423276
7,17,0.6418133118228468
7,18,-0.26737862397862927
7,19,-1.1520394269969094
7,20,-1.6584556688749046
7,21,-2.2150219482622773
7,22,-3.0891426162467988
7,23,-3.3385446045614033
8,0,-3.6555777292786393
8,1,-3.97103373109662
8,2,-4.158582756170413
8,3,-4.393881218603548
8,4,-4.6264414964905445
8,5,-4.718904249996447
8,6,-4.712792359841434
8,7,-3.830273868036009
8,8,-2.346817641796975
8,9,-0.6316284823246324
8,10,1.7739207671702157
8,11,1.9728683662524602
8,12,2.583856475462237
8,13,2.9197883206059974
8,14,3.1554951094856913
8,15,3.178898822596443
8,16,2.6185065867199486
8,17,1.3824954461172723
8,18,0.354773877907694
8,19,-0.6420399633701511
8,20,-1.2499565803419197
8,21,-1.919313557403711
8,22,-2.9379203469186157
8,23,-3.268455118429019
9,0,-3.0652762863467458
9,1,-3.4105497425283167
9,2,-3.663226299485082
9,3,-3.949933864193785
9,4,-4.201253832003263
9,5,-4.290674575006539
9,6,-4.313389891653227
9,7,-3.061105208299914
9,8,-1.4656422303729584
9,9,0.45675873205012174
9,10,2.900787601449946
9,11,3.1697389514699252
9,12,3.873651541799982
9,13,4.253688163137791
9,14,4.450197652692654
9,15,4.325738149999455
9,16,3.625891050407031
9,17,2.1315865864735217
9,18,0.9835611923074545
9,19,0.11960556558324767
9,20,-0.4823345572649901
9,21,-1.1772979359271813
9,22,-2.1851682913335586
9,23,-2.6085425227089285
10,0,-2.0989183292863203
10,1,-2.412011240331607
10,2,-2.6236787950378093
10,3,-2.8544761321896233
10,4,-3.09161255411263
10,5,-2.9468660052929505
10,6,-2.9934547903067297
10,7,-1.7643496518396389
10,8,-0.6373450385038305
10,9,1.1634030106909425
10,10,3.6100250283778386
10,11,4.038379979298043
10,12,4.819548133519072
10,13,5.09317690289389
10,14,5.059978965592039
10,15,4.612377427389963
10,16,3.629404546352178
10,17,2.066461672816268
10,18,0.9999554084326462
10,19,0.41893301501676655
10,20,-0.0318943296369226
10,21,-0.5513638348307468
10,22,-1.3886127848857863
10,23,-1.7245113973564297
11,0,-1.633949469500213
11,1,-1.8989903675422495
11,2,-2.0760467694602545
11,3,-2.281514024091438
11,4,-2.4986867050792108
11,5,-2.3209369054468283
11,6,-2.3730708267446787
11,7,-1.4008249030812887
11,8,-0.4592378941465806
11,9,1.260062293082701
11,10,3.670835348529037
11,11,4.168236310952117
11,12,4.952381459421709
11,13,5.173929708666494
11,14,5.084043849384147
11,15,4.6212510133576155
11,16,3.5558612781062764
11,17,2.002835883940209
11,18,1.003105063417553
11,19,0.5005060258406331
11,20,0.13248063167456578
11,21,-0.29942073148374954
11,22,-1.0548104667350882
11,23,-1.3192699694282872
12,0,-1.7336692818821484
12,1,-1.979882973122484
12,2,-2.1622557041227597
12,3,-2.3619577674561185
12,4,-2.585028172874999
12,5,-2.5325546923223867
12,6,-2.582369283787779
12,7,-1.815679749221663
12,8,-0.8540164712196885
12,9,0.8305275269623313
12,10,3.164583903238875
12,11,3.664581764886761
12,12,4.453326813331346
12,13,4.764727525691911
12,14,4.778528838202513
12,15,4.474138102701112
12,16,3.5568441413932588
12,17,2.1114931658318428
12,18,1.1575525428585738
12,19,0.4971978163594233
12,20,0.1107365632286148
12,21,-0.3712235646208733
12,22,-1.156484517676663
12,23,-1.4288047355486566
